{
  "hash": "486ae5c5",
  "configHash": "ce7200fb",
  "lockfileHash": "137e2aa1",
  "browserHash": "39eae414",
  "optimized": {
    "@angular/cdk/bidi": {
      "src": "../../../../../../node_modules/@angular/cdk/fesm2022/bidi.mjs",
      "file": "@angular_cdk_bidi.js",
      "fileHash": "7c5dfc5d",
      "needsInterop": false
    },
    "@angular/cdk/text-field": {
      "src": "../../../../../../node_modules/@angular/cdk/fesm2022/text-field.mjs",
      "file": "@angular_cdk_text-field.js",
      "fileHash": "1b027179",
      "needsInterop": false
    },
    "@angular/common": {
      "src": "../../../../../../node_modules/@angular/common/fesm2022/common.mjs",
      "file": "@angular_common.js",
      "fileHash": "6ca30c80",
      "needsInterop": false
    },
    "@angular/common/http": {
      "src": "../../../../../../node_modules/@angular/common/fesm2022/http.mjs",
      "file": "@angular_common_http.js",
      "fileHash": "480dcd55",
      "needsInterop": false
    },
    "@angular/core": {
      "src": "../../../../../../node_modules/@angular/core/fesm2022/core.mjs",
      "file": "@angular_core.js",
      "fileHash": "109beaca",
      "needsInterop": false
    },
    "@angular/core/rxjs-interop": {
      "src": "../../../../../../node_modules/@angular/core/fesm2022/rxjs-interop.mjs",
      "file": "@angular_core_rxjs-interop.js",
      "fileHash": "66d8f2ae",
      "needsInterop": false
    },
    "@angular/forms": {
      "src": "../../../../../../node_modules/@angular/forms/fesm2022/forms.mjs",
      "file": "@angular_forms.js",
      "fileHash": "59103c86",
      "needsInterop": false
    },
    "@angular/material/button": {
      "src": "../../../../../../node_modules/@angular/material/fesm2022/button.mjs",
      "file": "@angular_material_button.js",
      "fileHash": "a73b2bd0",
      "needsInterop": false
    },
    "@angular/material/card": {
      "src": "../../../../../../node_modules/@angular/material/fesm2022/card.mjs",
      "file": "@angular_material_card.js",
      "fileHash": "11503ae2",
      "needsInterop": false
    },
    "@angular/material/form-field": {
      "src": "../../../../../../node_modules/@angular/material/fesm2022/form-field.mjs",
      "file": "@angular_material_form-field.js",
      "fileHash": "9f58cc68",
      "needsInterop": false
    },
    "@angular/material/icon": {
      "src": "../../../../../../node_modules/@angular/material/fesm2022/icon.mjs",
      "file": "@angular_material_icon.js",
      "fileHash": "f125db9c",
      "needsInterop": false
    },
    "@angular/material/input": {
      "src": "../../../../../../node_modules/@angular/material/fesm2022/input.mjs",
      "file": "@angular_material_input.js",
      "fileHash": "37008142",
      "needsInterop": false
    },
    "@angular/material/snack-bar": {
      "src": "../../../../../../node_modules/@angular/material/fesm2022/snack-bar.mjs",
      "file": "@angular_material_snack-bar.js",
      "fileHash": "38ff0bd4",
      "needsInterop": false
    },
    "@angular/platform-browser": {
      "src": "../../../../../../node_modules/@angular/platform-browser/fesm2022/platform-browser.mjs",
      "file": "@angular_platform-browser.js",
      "fileHash": "5739441c",
      "needsInterop": false
    },
    "@angular/router": {
      "src": "../../../../../../node_modules/@angular/router/fesm2022/router.mjs",
      "file": "@angular_router.js",
      "fileHash": "9040c34a",
      "needsInterop": false
    },
    "rxjs": {
      "src": "../../../../../../node_modules/rxjs/dist/esm5/index.js",
      "file": "rxjs.js",
      "fileHash": "3704d490",
      "needsInterop": false
    }
  },
  "chunks": {
    "chunk-7HUIPI3G": {
      "file": "chunk-7HUIPI3G.js"
    },
    "chunk-D6TB5TUJ": {
      "file": "chunk-D6TB5TUJ.js"
    },
    "chunk-GVKTERE2": {
      "file": "chunk-GVKTERE2.js"
    },
    "chunk-CG2HPPIH": {
      "file": "chunk-CG2HPPIH.js"
    },
    "chunk-SIVF4RMR": {
      "file": "chunk-SIVF4RMR.js"
    },
    "chunk-H5DVHPBM": {
      "file": "chunk-H5DVHPBM.js"
    },
    "chunk-UMXN4VIK": {
      "file": "chunk-UMXN4VIK.js"
    },
    "chunk-LPVJWTKY": {
      "file": "chunk-LPVJWTKY.js"
    },
    "chunk-H3T65ING": {
      "file": "chunk-H3T65ING.js"
    },
    "chunk-F3R3QFSK": {
      "file": "chunk-F3R3QFSK.js"
    },
    "chunk-FJ2LSRVL": {
      "file": "chunk-FJ2LSRVL.js"
    },
    "chunk-3B7WPXDT": {
      "file": "chunk-3B7WPXDT.js"
    },
    "chunk-MTES5EJZ": {
      "file": "chunk-MTES5EJZ.js"
    },
    "chunk-S35MAB2V": {
      "file": "chunk-S35MAB2V.js"
    }
  }
}